{
  "resourceType" : "Bundle",
  "id" : "ff9e1ca5-094e-41ce-9273-fb26e3ada5de",
  "meta" : {
    "lastUpdated" : "2023-08-07T17:23:39.182+08:00"
  },
  "type" : "collection",
  "entry" : [{
    "fullUrl" : "http://tsti.example.com/ValueSet/adultcheck-code",
    "resource" : {
      "resourceType" : "ValueSet",
      "text" : {
        "status" : "generated",
        "div" : "<div xmlns=\"http://www.w3.org/1999/xhtml\"><p>This value set contains 6 concepts</p><p style=\"border: black 1px dotted; background-color: #EEEEEE; padding: 8px; margin-bottom: 8px\">Expansion based on SNOMED CT International edition 31-1月 2023</p><table class=\"codes\"><tr><td style=\"white-space:nowrap\"><b>Code</b></td><td><b>System</b></td><td><b>Display</b></td></tr><tr><td style=\"white-space:nowrap\"><a name=\"http---snomed.info-sct-161501007\"> </a>\u00a0\u00a0<a href=\"http://snomed.info/id/161501007\">161501007</a></td><td>http://snomed.info/sct</td><td>H/O: hypertension</td></tr><tr><td style=\"white-space:nowrap\"><a name=\"http---snomed.info-sct-161445009\"> </a>\u00a0\u00a0<a href=\"http://snomed.info/id/161445009\">161445009</a></td><td>http://snomed.info/sct</td><td>H/O: diabetes mellitus</td></tr><tr><td style=\"white-space:nowrap\"><a name=\"http---snomed.info-sct-3744001\"> </a>\u00a0\u00a0<a href=\"http://snomed.info/id/3744001\">3744001</a></td><td>http://snomed.info/sct</td><td>Hyperlipoproteinemia</td></tr><tr><td style=\"white-space:nowrap\"><a name=\"http---snomed.info-sct-275544003\"> </a>\u00a0\u00a0<a href=\"http://snomed.info/id/275544003\">275544003</a></td><td>http://snomed.info/sct</td><td>H/O: heart disorder</td></tr><tr><td style=\"white-space:nowrap\"><a name=\"http---snomed.info-sct-275527002\"> </a>\u00a0\u00a0<a href=\"http://snomed.info/id/275527002\">275527002</a></td><td>http://snomed.info/sct</td><td>H/O: stroke</td></tr><tr><td style=\"white-space:nowrap\"><a name=\"http---snomed.info-sct-275552000\"> </a>\u00a0\u00a0<a href=\"http://snomed.info/id/275552000\">275552000</a></td><td>http://snomed.info/sct</td><td>H/O: kidney disease</td></tr></table></div>"
      },
      "url" : "http://tsti.example.com/ValueSet/adultcheck-code",
      "version" : "0.1.0",
      "name" : "ValueSet-adultcheck-code",
      "title" : "成人健檢疾病史代碼",
      "status" : "draft",
      "date" : "2023-08-07T17:23:39+08:00",
      "expansion" : {
        "identifier" : "urn:uuid:82cfb755-e9d0-48d1-b6ca-edf1a27322a1",
        "timestamp" : "2023-08-07T17:28:30+08:00",
        "total" : 6,
        "parameter" : [{
          "name" : "excludeNested",
          "valueBoolean" : false
        },
        {
          "name" : "version",
          "valueUri" : "null"
        },
        {
          "name" : "limitedExpansion",
          "valueBoolean" : true
        },
        {
          "name" : "version",
          "valueUri" : "http://snomed.info/sct|http://snomed.info/sct/900000000000207008/version/20230131"
        }],
        "contains" : [{
          "system" : "http://snomed.info/sct",
          "code" : "161501007",
          "display" : "H/O: hypertension"
        },
        {
          "system" : "http://snomed.info/sct",
          "code" : "161445009",
          "display" : "H/O: diabetes mellitus"
        },
        {
          "system" : "http://snomed.info/sct",
          "code" : "3744001",
          "display" : "Hyperlipoproteinemia"
        },
        {
          "system" : "http://snomed.info/sct",
          "code" : "275544003",
          "display" : "H/O: heart disorder"
        },
        {
          "system" : "http://snomed.info/sct",
          "inactive" : true,
          "code" : "275527002",
          "display" : "H/O: stroke"
        },
        {
          "system" : "http://snomed.info/sct",
          "code" : "275552000",
          "display" : "H/O: kidney disease"
        }]
      }
    }
  },
  {
    "fullUrl" : "http://tsti.example.com/ValueSet/adultcheck-lifecode",
    "resource" : {
      "resourceType" : "ValueSet",
      "text" : {
        "status" : "generated",
        "div" : "<div xmlns=\"http://www.w3.org/1999/xhtml\"><p>This value set contains 13 concepts</p><p style=\"border: black 1px dotted; background-color: #EEEEEE; padding: 8px; margin-bottom: 8px\">Expansion based on SNOMED CT International edition 31-1月 2023</p><table class=\"codes\"><tr><td style=\"white-space:nowrap\"><b>Code</b></td><td><b>System</b></td><td><b>Display</b></td></tr><tr><td style=\"white-space:nowrap\"><a name=\"http---snomed.info-sct-230056004\"> </a>\u00a0\u00a0<a href=\"http://snomed.info/id/230056004\">230056004</a></td><td>http://snomed.info/sct</td><td>Cigarette consumption</td></tr><tr><td style=\"white-space:nowrap\"><a name=\"http---snomed.info-sct-160573003\"> </a>\u00a0\u00a0<a href=\"http://snomed.info/id/160573003\">160573003</a></td><td>http://snomed.info/sct</td><td>Alcohol intake</td></tr><tr><td style=\"white-space:nowrap\"><a name=\"http---snomed.info-sct-227491007\"> </a>\u00a0\u00a0<a href=\"http://snomed.info/id/227491007\">227491007</a></td><td>http://snomed.info/sct</td><td>Betal nut</td></tr><tr><td style=\"white-space:nowrap\"><a name=\"http---snomed.info-sct-128976003\"> </a>\u00a0\u00a0<a href=\"http://snomed.info/id/128976003\">128976003</a></td><td>http://snomed.info/sct</td><td>Exercise state</td></tr><tr><td style=\"white-space:nowrap\"><a name=\"http---snomed.info-sct-225324006\"> </a>\u00a0\u00a0<a href=\"http://snomed.info/id/225324006\">225324006</a></td><td>http://snomed.info/sct</td><td>Advice on effects of smoking on health</td></tr><tr><td style=\"white-space:nowrap\"><a name=\"http---snomed.info-sct-413473000\"> </a>\u00a0\u00a0<a href=\"http://snomed.info/id/413473000\">413473000</a></td><td>http://snomed.info/sct</td><td>Alcohol consumption counseling</td></tr><tr><td style=\"white-space:nowrap\"><a name=\"http---snomed.info-sct-51011006\"> </a>\u00a0\u00a0<a href=\"http://snomed.info/id/51011006\">51011006</a></td><td>http://snomed.info/sct</td><td>Nutritional counseling for control of dental disease</td></tr><tr><td style=\"white-space:nowrap\"><a name=\"http---snomed.info-sct-410289001\"> </a>\u00a0\u00a0<a href=\"http://snomed.info/id/410289001\">410289001</a></td><td>http://snomed.info/sct</td><td>Exercises education, guidance, and counseling</td></tr><tr><td style=\"white-space:nowrap\"><a name=\"http---snomed.info-sct-388970003\"> </a>\u00a0\u00a0<a href=\"http://snomed.info/id/388970003\">388970003</a></td><td>http://snomed.info/sct</td><td>Weight maintenance consultation</td></tr><tr><td style=\"white-space:nowrap\"><a name=\"http---snomed.info-sct-410293007\"> </a>\u00a0\u00a0<a href=\"http://snomed.info/id/410293007\">410293007</a></td><td>http://snomed.info/sct</td><td>Food education, guidance, and counseling</td></tr><tr><td style=\"white-space:nowrap\"><a name=\"http---snomed.info-sct-409059003\"> </a>\u00a0\u00a0<a href=\"http://snomed.info/id/409059003\">409059003</a></td><td>http://snomed.info/sct</td><td>Safety education, guidance, and counseling</td></tr><tr><td style=\"white-space:nowrap\"><a name=\"http---snomed.info-sct-410263001\"> </a>\u00a0\u00a0<a href=\"http://snomed.info/id/410263001\">410263001</a></td><td>http://snomed.info/sct</td><td>Medical/dental care education, guidance, and counseling</td></tr><tr><td style=\"white-space:nowrap\"><a name=\"http---snomed.info-sct-444266007\"> </a>\u00a0\u00a0<a href=\"http://snomed.info/id/444266007\">444266007</a></td><td>http://snomed.info/sct</td><td>Measurement of Hepatitis B surface antibody and Hepatitis C antibody </td></tr></table></div>"
      },
      "url" : "http://tsti.example.com/ValueSet/adultcheck-lifecode",
      "version" : "0.1.0",
      "name" : "ValueSet_adultcheck-lifecode",
      "title" : "成人健檢生活史代碼集值",
      "status" : "active",
      "date" : "2023-08-07T17:23:39+08:00",
      "expansion" : {
        "identifier" : "urn:uuid:916356d8-39f0-480b-8bec-53cfecc7bb16",
        "timestamp" : "2023-08-07T17:28:30+08:00",
        "total" : 13,
        "parameter" : [{
          "name" : "excludeNested",
          "valueBoolean" : false
        },
        {
          "name" : "version",
          "valueUri" : "null"
        },
        {
          "name" : "limitedExpansion",
          "valueBoolean" : true
        },
        {
          "name" : "version",
          "valueUri" : "http://snomed.info/sct|http://snomed.info/sct/900000000000207008/version/20230131"
        }],
        "contains" : [{
          "system" : "http://snomed.info/sct",
          "code" : "230056004",
          "display" : "Cigarette consumption"
        },
        {
          "system" : "http://snomed.info/sct",
          "inactive" : true,
          "code" : "160573003",
          "display" : "Alcohol intake"
        },
        {
          "system" : "http://snomed.info/sct",
          "code" : "227491007",
          "display" : "Betal nut"
        },
        {
          "system" : "http://snomed.info/sct",
          "code" : "128976003",
          "display" : "Exercise state"
        },
        {
          "system" : "http://snomed.info/sct",
          "code" : "225324006",
          "display" : "Advice on effects of smoking on health"
        },
        {
          "system" : "http://snomed.info/sct",
          "code" : "413473000",
          "display" : "Alcohol consumption counseling"
        },
        {
          "system" : "http://snomed.info/sct",
          "code" : "51011006",
          "display" : "Nutritional counseling for control of dental disease"
        },
        {
          "system" : "http://snomed.info/sct",
          "code" : "410289001",
          "display" : "Exercises education, guidance, and counseling"
        },
        {
          "system" : "http://snomed.info/sct",
          "code" : "388970003",
          "display" : "Weight maintenance consultation"
        },
        {
          "system" : "http://snomed.info/sct",
          "code" : "410293007",
          "display" : "Food education, guidance, and counseling"
        },
        {
          "system" : "http://snomed.info/sct",
          "code" : "409059003",
          "display" : "Safety education, guidance, and counseling"
        },
        {
          "system" : "http://snomed.info/sct",
          "code" : "410263001",
          "display" : "Medical/dental care education, guidance, and counseling"
        },
        {
          "system" : "http://snomed.info/sct",
          "code" : "444266007",
          "display" : "Measurement of Hepatitis B surface antibody and Hepatitis C antibody "
        }]
      }
    }
  }]
}