<?xml version="1.0" encoding="UTF-8"?>

<Bundle xmlns="http://hl7.org/fhir">
  <id value="BundleAdultCheckExample"/>
  <meta>
    <profile value="http://tsti.example.com/StructureDefinition/Bundle-adultcheck"/>
  </meta>
  <identifier>
    <use value="official"/>
    <type>
      <coding>
        <system value="https://twcore.mohw.gov.tw/ig/twcore/CodeSystem/v2-0203"/>
        <code value="MRT"/>
      </coding>
    </type>
    <system value="https://tsti.hospital.com"/>
    <value value="000120230721"/>
  </identifier>
  <type value="document"/>
  <timestamp value="2022-08-01T17:00:14-05:00"/>
  <entry>
    <resource>
      <Composition>
        <id value="CompositionAdultCheckExample"/>
        <meta>
          <profile value="http://tsti.example.com/StructureDefinition/Composition-adultcheck"/>
        </meta>
        <text>
          <status value="generated"/><div xmlns="http://www.w3.org/1999/xhtml"><p><b>Generated Narrative: Composition</b><a name="CompositionAdultCheckExample"> </a></p><div style="display: inline-block; background-color: #d9e0e7; padding: 6px; margin: 4px; border: 1px solid #8da1b4; border-radius: 5px; line-height: 60%"><p style="margin-bottom: 0px">Resource Composition &quot;CompositionAdultCheckExample&quot; </p><p style="margin-bottom: 0px">Profile: <a href="StructureDefinition-Composition-adultcheck.html">Composition - AdultCheck</a></p></div><p><b>identifier</b>: MRT: 000120230721 (use: OFFICIAL)</p><p><b>status</b>: final</p><p><b>type</b>: General medicine Hospital Progress note <span style="background: LightGoldenRodYellow; margin: 4px; border: 1px solid khaki"> (<a href="https://loinc.org/">LOINC</a>#100574-4)</span></p><p><b>encounter</b>: <a href="Encounter/encounter-example">Encounter/encounter-example</a></p><p><b>date</b>: 2022-08-01 17:00:14-0500</p><p><b>author</b>: </p><ul><li><a href="Organization/organ-example1">Organization/organ-example1</a></li><li><a href="Organization/organ-example2">Organization/organ-example2</a></li></ul><p><b>title</b>: 成人健康檢查問卷</p></div>
        </text>
        <identifier>
          <use value="official"/>
          <type>
            <coding>
              <system value="https://twcore.mohw.gov.tw/ig/twcore/CodeSystem/v2-0203"/>
              <code value="MRT"/>
            </coding>
          </type>
          <system value="https://tsti.hospital.com"/>
          <value value="000120230721"/>
        </identifier>
        <status value="final"/>
        <type>
          <coding>
            <system value="http://loinc.org"/>
            <code value="100574-4"/>
            <display value="General medicine Hospital Progress note"/>
          </coding>
        </type>
        <subject>
          <reference value="Patient/pat-example"/>
        </subject>
        <encounter>
          <reference value="Encounter/encounter-example"/>
        </encounter>
        <date value="2022-08-01T17:00:14-05:00"/>
        <author>
          <reference value="Organization/organ-example1"/>
        </author>
        <author>
          <reference value="Organization/organ-example2"/>
        </author>
        <title value="成人健康檢查問卷"/>
        <section>
          <title value="疾病史-高血壓"/>
          <code>
            <coding>
              <system value="http://loinc.org"/>
              <code value="34117-2"/>
              <display value="History and physical note"/>
            </coding>
          </code>
          <entry>
            <reference value="Condition/bp-example"/>
          </entry>
        </section>
        <section>
          <title value="疾病史-糖尿病"/>
          <code>
            <coding>
              <system value="http://loinc.org"/>
              <code value="34117-2"/>
              <display value="History and physical note"/>
            </coding>
          </code>
          <entry>
            <reference value="Condition/db-example"/>
          </entry>
        </section>
        <section>
          <title value="疾病史-高血脂症"/>
          <code>
            <coding>
              <system value="http://loinc.org"/>
              <code value="34117-2"/>
              <display value="History and physical note"/>
            </coding>
          </code>
          <entry>
            <reference value="Condition/bg-example"/>
          </entry>
        </section>
        <section>
          <title value="疾病史-心臟病"/>
          <code>
            <coding>
              <system value="http://loinc.org"/>
              <code value="34117-2"/>
              <display value="History and physical note"/>
            </coding>
          </code>
          <entry>
            <reference value="Condition/cd-example"/>
          </entry>
        </section>
        <section>
          <title value="疾病史-腦中風"/>
          <code>
            <coding>
              <system value="http://loinc.org"/>
              <code value="34117-2"/>
              <display value="History and physical note"/>
            </coding>
          </code>
          <entry>
            <reference value="Condition/sd-example"/>
          </entry>
        </section>
        <section>
          <title value="疾病史-腎臟病"/>
          <code>
            <coding>
              <system value="http://loinc.org"/>
              <code value="34117-2"/>
              <display value="History and physical note"/>
            </coding>
          </code>
          <entry>
            <reference value="Condition/kd-example"/>
          </entry>
        </section>
        <section>
          <title value="生理量測-身高"/>
          <code>
            <coding>
              <system value="http://loinc.org"/>
              <code value="85353-1"/>
              <display value="Vital signs, weight, height, head circumference, oxygen saturation and BMI panel"/>
            </coding>
          </code>
          <entry>
            <reference value="Observation/height-example"/>
          </entry>
        </section>
        <section>
          <title value="生理量測-體重"/>
          <code>
            <coding>
              <system value="http://loinc.org"/>
              <code value="85353-1"/>
              <display value="Vital signs, weight, weight, head circumference, oxygen saturation and BMI panel"/>
            </coding>
          </code>
          <entry>
            <reference value="Observation/weight-example"/>
          </entry>
        </section>
        <section>
          <title value="生理量測-BMI"/>
          <code>
            <coding>
              <system value="http://loinc.org"/>
              <code value="85353-1"/>
              <display value="Vital signs, weight, bmi, head circumference, oxygen saturation and BMI panel"/>
            </coding>
          </code>
          <entry>
            <reference value="Observation/bmi-example"/>
          </entry>
        </section>
        <section>
          <title value="生理量測-血壓"/>
          <code>
            <coding>
              <system value="http://loinc.org"/>
              <code value="85353-1"/>
              <display value="Vital signs, weight, bloodtype, head circumference, oxygen saturation and BMI panel"/>
            </coding>
          </code>
          <entry>
            <reference value="Observation/bloodtype-example"/>
          </entry>
        </section>
        <section>
          <title value="生理量測-腰圍"/>
          <code>
            <coding>
              <system value="http://loinc.org"/>
              <code value="85353-1"/>
              <display value="Vital signs, weight, waist, head circumference, oxygen saturation and BMI panel"/>
            </coding>
          </code>
          <entry>
            <reference value="Observation/waist-example"/>
          </entry>
        </section>
        <section>
          <title value="Protein 尿蛋白"/>
          <code>
            <coding>
              <system value="http://loinc.org"/>
              <code value="19146-0"/>
              <display value="Reference lab test results"/>
            </coding>
          </code>
          <entry>
            <reference value="Observation/lab-protein-example"/>
          </entry>
        </section>
        <section>
          <title value="血糖"/>
          <code>
            <coding>
              <system value="http://loinc.org"/>
              <code value="19146-0"/>
              <display value="Reference lab test results"/>
            </coding>
          </code>
          <entry>
            <reference value="Observation/lab-sugar-example"/>
          </entry>
        </section>
        <section>
          <title value="膽固醇"/>
          <code>
            <coding>
              <system value="http://loinc.org"/>
              <code value="19146-0"/>
              <display value="Reference lab test results"/>
            </coding>
          </code>
          <entry>
            <reference value="Observation/lab-cholesterol-example"/>
          </entry>
        </section>
        <section>
          <title value="三酸甘油脂"/>
          <code>
            <coding>
              <system value="http://loinc.org"/>
              <code value="19146-0"/>
              <display value="Reference lab test results"/>
            </coding>
          </code>
          <entry>
            <reference value="Observation/lab-triglycerides-example"/>
          </entry>
        </section>
        <section>
          <title value="低密度脂蛋白膽固醇計算"/>
          <code>
            <coding>
              <system value="http://loinc.org"/>
              <code value="19146-0"/>
              <display value="Reference lab test results"/>
            </coding>
          </code>
          <entry>
            <reference value="Observation/lab-low-example"/>
          </entry>
        </section>
        <section>
          <title value="高密度膽固醇"/>
          <code>
            <coding>
              <system value="http://loinc.org"/>
              <code value="19146-0"/>
              <display value="Reference lab test results"/>
            </coding>
          </code>
          <entry>
            <reference value="Observation/lab-high-example"/>
          </entry>
        </section>
        <section>
          <title value="GOT"/>
          <code>
            <coding>
              <system value="http://loinc.org"/>
              <code value="19146-0"/>
              <display value="Reference lab test results"/>
            </coding>
          </code>
          <entry>
            <reference value="Observation/lab-got-example"/>
          </entry>
        </section>
        <section>
          <title value="GPT"/>
          <code>
            <coding>
              <system value="http://loinc.org"/>
              <code value="19146-0"/>
              <display value="Reference lab test results"/>
            </coding>
          </code>
          <entry>
            <reference value="Observation/lab-gpt-example"/>
          </entry>
        </section>
        <section>
          <title value="肌酸酐"/>
          <code>
            <coding>
              <system value="http://loinc.org"/>
              <code value="19146-0"/>
              <display value="Reference lab test results"/>
            </coding>
          </code>
          <entry>
            <reference value="Observation/lab-creatinine-example"/>
          </entry>
        </section>
        <section>
          <title value="腎絲球過濾率計算"/>
          <code>
            <coding>
              <system value="http://loinc.org"/>
              <code value="19146-0"/>
              <display value="Reference lab test results"/>
            </coding>
          </code>
          <entry>
            <reference value="Observation/lab-glomerulus-example"/>
          </entry>
        </section>
        <section>
          <title value="Ｂ型肝炎表面抗原"/>
          <code>
            <coding>
              <system value="http://loinc.org"/>
              <code value="19146-0"/>
              <display value="Reference lab test results"/>
            </coding>
          </code>
          <entry>
            <reference value="Observation/lab-b-example"/>
          </entry>
        </section>
        <section>
          <title value="Ｃ型肝炎病毒抗體"/>
          <code>
            <coding>
              <system value="http://loinc.org"/>
              <code value="19146-0"/>
              <display value="Reference lab test results"/>
            </coding>
          </code>
          <entry>
            <reference value="Observation/lab-c-example"/>
          </entry>
        </section>
        <section>
          <title value="憂鬱檢測"/>
          <code>
            <coding>
              <system value="http://loinc.org"/>
              <code value="73832-8"/>
              <display value="Adult depression screening assessment"/>
            </coding>
          </code>
          <entry>
            <reference value="Observation/depress-example"/>
          </entry>
        </section>
        <section>
          <title value="生活史-吸煙"/>
          <code>
            <coding>
              <system value="http://loinc.org"/>
              <code value="35090-0"/>
              <display value="Patient history"/>
            </coding>
          </code>
          <entry>
            <reference value="Observation/history-smoke-example"/>
          </entry>
        </section>
        <section>
          <title value="生活史-喝酒"/>
          <code>
            <coding>
              <system value="http://loinc.org"/>
              <code value="35090-0"/>
              <display value="Patient history"/>
            </coding>
          </code>
          <entry>
            <reference value="Observation/history-liquor-example"/>
          </entry>
        </section>
        <section>
          <title value="生活史-嚼檳榔"/>
          <code>
            <coding>
              <system value="http://loinc.org"/>
              <code value="35090-0"/>
              <display value="Patient history"/>
            </coding>
          </code>
          <entry>
            <reference value="Observation/history-nut-example"/>
          </entry>
        </section>
        <section>
          <title value="生活史-運動"/>
          <code>
            <coding>
              <system value="http://loinc.org"/>
              <code value="35090-0"/>
              <display value="Patient history"/>
            </coding>
          </code>
          <entry>
            <reference value="Observation/history-exercise-example"/>
          </entry>
        </section>
        <section>
          <title value="健康諮詢：戒煙"/>
          <code>
            <coding>
              <system value="http://loinc.org"/>
              <code value="8677-7"/>
              <display value="History of Medication use"/>
            </coding>
          </code>
          <entry>
            <reference value="Observation/con-smoke-example"/>
          </entry>
        </section>
        <section>
          <title value="健康諮詢：節酒"/>
          <code>
            <coding>
              <system value="http://loinc.org"/>
              <code value="8677-7"/>
              <display value="History of Medication use"/>
            </coding>
          </code>
          <entry>
            <reference value="Observation/con-liquor-example"/>
          </entry>
        </section>
        <section>
          <title value="健康諮詢：戒檳榔"/>
          <code>
            <coding>
              <system value="http://loinc.org"/>
              <code value="8677-7"/>
              <display value="History of Medication use"/>
            </coding>
          </code>
          <entry>
            <reference value="Observation/con-nut-example"/>
          </entry>
        </section>
        <section>
          <title value="健康諮詢：規律運動"/>
          <code>
            <coding>
              <system value="http://loinc.org"/>
              <code value="8677-7"/>
              <display value="History of Medication use"/>
            </coding>
          </code>
          <entry>
            <reference value="Observation/con-exercise-example"/>
          </entry>
        </section>
        <section>
          <title value="健康諮詢：維持正常體重"/>
          <code>
            <coding>
              <system value="http://loinc.org"/>
              <code value="8677-7"/>
              <display value="History of Medication use"/>
            </coding>
          </code>
          <entry>
            <reference value="Observation/con-weight-example"/>
          </entry>
        </section>
        <section>
          <title value="健康諮詢：健康飲食"/>
          <code>
            <coding>
              <system value="http://loinc.org"/>
              <code value="8677-7"/>
              <display value="History of Medication use"/>
            </coding>
          </code>
          <entry>
            <reference value="Observation/con-diet-example"/>
          </entry>
        </section>
        <section>
          <title value="健康諮詢：事故傷害預"/>
          <code>
            <coding>
              <system value="http://loinc.org"/>
              <code value="8677-7"/>
              <display value="History of Medication use"/>
            </coding>
          </code>
          <entry>
            <reference value="Observation/con-accident-example"/>
          </entry>
        </section>
        <section>
          <title value="健康諮詢：口腔保健"/>
          <code>
            <coding>
              <system value="http://loinc.org"/>
              <code value="8677-7"/>
              <display value="History of Medication use"/>
            </coding>
          </code>
          <entry>
            <reference value="Observation/con-oral-example"/>
          </entry>
        </section>
        <section>
          <title value="檢查過B、C型肝炎"/>
          <code>
            <coding>
              <system value="http://loinc.org"/>
              <code value="8677-7"/>
              <display value="History of Medication use"/>
            </coding>
          </code>
          <entry>
            <reference value="Observation/check-bc-example"/>
          </entry>
        </section>
        <section>
          <title value="血壓檢查結果與建議"/>
          <code>
            <coding>
              <system value="http://loinc.org"/>
              <code value="50398-7"/>
              <display value="Narrative diagnostic report [Interpretation]"/>
            </coding>
          </code>
          <entry>
            <reference value="DiagnosticReport/diag-bp-example"/>
          </entry>
        </section>
        <section>
          <title value="血糖檢查結果判讀"/>
          <code>
            <coding>
              <system value="http://loinc.org"/>
              <code value="50398-7"/>
              <display value="Narrative diagnostic report [Interpretation]"/>
            </coding>
          </code>
          <entry>
            <reference value="DiagnosticReport/diag-sugar-example"/>
          </entry>
        </section>
        <section>
          <title value="血脂肪檢查結果判讀"/>
          <code>
            <coding>
              <system value="http://loinc.org"/>
              <code value="50398-7"/>
              <display value="Narrative diagnostic report [Interpretation]"/>
            </coding>
          </code>
          <entry>
            <reference value="DiagnosticReport/diag-bg-example"/>
          </entry>
        </section>
        <section>
          <title value="腎功能檢查結果判讀"/>
          <code>
            <coding>
              <system value="http://loinc.org"/>
              <code value="50398-7"/>
              <display value="Narrative diagnostic report [Interpretation]"/>
            </coding>
          </code>
          <entry>
            <reference value="DiagnosticReport/diag-kid-example"/>
          </entry>
        </section>
        <section>
          <title value="肝功能檢查結果判讀"/>
          <code>
            <coding>
              <system value="http://loinc.org"/>
              <code value="50398-7"/>
              <display value="Narrative diagnostic report [Interpretation]"/>
            </coding>
          </code>
          <entry>
            <reference value="DiagnosticReport/diag-liver-example"/>
          </entry>
        </section>
        <section>
          <title value="代謝症候群檢查結果與建議"/>
          <code>
            <coding>
              <system value="http://loinc.org"/>
              <code value="50398-7"/>
              <display value="Narrative diagnostic report [Interpretation]"/>
            </coding>
          </code>
          <entry>
            <reference value="DiagnosticReport/diag-metabolic-example"/>
          </entry>
        </section>
        <section>
          <title value="B型肝炎檢查結果與建議"/>
          <code>
            <coding>
              <system value="http://loinc.org"/>
              <code value="50398-7"/>
              <display value="Narrative diagnostic report [Interpretation]"/>
            </coding>
          </code>
          <entry>
            <reference value="DiagnosticReport/diag-b-example"/>
          </entry>
        </section>
        <section>
          <title value="C型肝炎檢查結果與建議"/>
          <code>
            <coding>
              <system value="http://loinc.org"/>
              <code value="50398-7"/>
              <display value="Narrative diagnostic report [Interpretation]"/>
            </coding>
          </code>
          <entry>
            <reference value="DiagnosticReport/diag-c-example"/>
          </entry>
        </section>
        <section>
          <title value="憂鬱檢測結果與建議"/>
          <code>
            <coding>
              <system value="http://loinc.org"/>
              <code value="50398-7"/>
              <display value="Narrative diagnostic report [Interpretation]"/>
            </coding>
          </code>
          <entry>
            <reference value="DiagnosticReport/diag-depress-example"/>
          </entry>
        </section>
      </Composition>
    </resource>
  </entry>
</Bundle>