<?xml version="1.0" encoding="UTF-8"?>

<Patient xmlns="http://hl7.org/fhir">
  <id value="PatientAdultCheckExample"/>
  <meta>
    <profile value="http://tsti.example.com/StructureDefinition/Patient-adultcheck"/>
  </meta>
  <text>
    <status value="generated"/><div xmlns="http://www.w3.org/1999/xhtml"><p style="border: 1px #661aff solid; background-color: #e6e6ff; padding: 10px;"><b>陳加玲(OFFICIAL)</b> female, DoB: 1990-01-01 ( 全國的個人識別碼: A123456789 (use: OFFICIAL))</p><hr/><table class="grid"><tr><td style="background-color: #f3f5da" title="Record is active">Active:</td><td colspan="3">true</td></tr><tr><td style="background-color: #f3f5da" title="Other Ids (see the one above)">Other Ids:</td><td colspan="3"><ul><li>Medical record number: 8862168 (use: OFFICIAL)</li><li>HOI: 0123456789 (use: OFFICIAL)</li></ul></td></tr><tr><td style="background-color: #f3f5da" title="Alternate names (see the one above)">Alt. Name:</td><td colspan="3">(OFFICIAL)</td></tr><tr><td style="background-color: #f3f5da" title="Ways to contact the Patient">Contact Details:</td><td colspan="3"><ul><li>ph: 0911327999(HOME)</li><li>臺北市 (HOME)</li></ul></td></tr><tr><td style="background-color: #f3f5da" title="Patient Links">Links:</td><td colspan="3"><ul><li>Managing Organization: <a href="Organization-org-hosp-example.html">Organization/org-hosp-example</a></li></ul></td></tr></table></div>
  </text>
  <identifier>
    <use value="official"/>
    <type>
      <coding>
        <system value="https://twcore.mohw.gov.tw/ig/twcore/CodeSystem/v2-0203"/>
        <code value="NNTWN"/>
      </coding>
    </type>
    <system value="http://www.moi.gov.tw/"/>
    <value value="A123456789"/>
  </identifier>
  <identifier>
    <use value="official"/>
    <type>
      <coding>
        <system value="http://terminology.hl7.org/CodeSystem/v2-0203"/>
        <code value="MR"/>
      </coding>
    </type>
    <system value="https://www.tph.mohw.gov.tw/"/>
    <value value="8862168"/>
  </identifier>
  <identifier>
    <use value="official"/>
    <type>
      <coding>
        <system value="http://terminology.hl7.org/CodeSystem/v2-0203"/>
        <code value="HOI"/>
      </coding>
    </type>
    <system value="https://twcore.mohw.gov.tw/tsfhir/CodeSystem/organization-identifier-tw"/>
    <value value="0123456789"/>
  </identifier>
  <active value="true"/>
  <name>
    <use value="official"/>
    <text value="陳加玲"/>
  </name>
  <name>
    <use value="official"/>
  </name>
  <telecom>
    <system value="phone"/>
    <value value="0911327999"/>
    <use value="home"/>
  </telecom>
  <gender value="female"/>
  <birthDate value="1990-01-01"/>
  <address>
    <use value="home"/>
    <type value="both"/>
    <city value="臺北市"/>
  </address>
  <managingOrganization>
    <reference value="Organization/org-hosp-example"/>
  </managingOrganization>
</Patient>