<?xml version="1.0" encoding="UTF-8"?>

<ValueSet xmlns="http://hl7.org/fhir">
  <id value="adultcheck-lifecode"/>
  <text>
    <status value="generated"/><div xmlns="http://www.w3.org/1999/xhtml"><ul><li>Include these codes as defined in <a href="http://www.snomed.org/"><code>http://snomed.info/sct</code></a><table class="none"><tr><td style="white-space:nowrap"><b>Code</b></td><td><b>Display</b></td></tr><tr><td><a href="http://snomed.info/id/230056004">230056004</a></td><td>Cigarette consumption</td></tr><tr><td><a href="http://snomed.info/id/160573003">160573003</a></td><td>Alcohol intake</td></tr><tr><td><a href="http://snomed.info/id/227491007">227491007</a></td><td>Betal nut</td></tr><tr><td><a href="http://snomed.info/id/128976003">128976003</a></td><td>Exercise state</td></tr><tr><td><a href="http://snomed.info/id/225324006">225324006</a></td><td>Advice on effects of smoking on health</td></tr><tr><td><a href="http://snomed.info/id/413473000">413473000</a></td><td>Alcohol consumption counseling</td></tr><tr><td><a href="http://snomed.info/id/51011006">51011006</a></td><td>Nutritional counseling for control of dental disease</td></tr><tr><td><a href="http://snomed.info/id/410289001">410289001</a></td><td>Exercises education, guidance, and counseling</td></tr><tr><td><a href="http://snomed.info/id/388970003">388970003</a></td><td>Weight maintenance consultation</td></tr><tr><td><a href="http://snomed.info/id/410293007">410293007</a></td><td>Food education, guidance, and counseling</td></tr><tr><td><a href="http://snomed.info/id/409059003">409059003</a></td><td>Safety education, guidance, and counseling</td></tr><tr><td><a href="http://snomed.info/id/410263001">410263001</a></td><td>Medical/dental care education, guidance, and counseling</td></tr><tr><td><a href="http://snomed.info/id/444266007">444266007</a></td><td>Measurement of Hepatitis B surface antibody and Hepatitis C antibody </td></tr></table></li></ul></div>
  </text>
  <url value="http://tsti.example.com/ValueSet/adultcheck-lifecode"/>
  <version value="0.1.0"/>
  <name value="ValueSet_adultcheck-lifecode"/>
  <title value="成人健檢生活史代碼集值"/>
  <status value="active"/>
  <date value="2023-08-07T17:23:39+08:00"/>
  <publisher value="Polly Peng"/>
  <contact>
    <name value="Polly Peng"/>
    <telecom>
      <system value="url"/>
      <value value="http://example.org/example-publisher"/>
    </telecom>
  </contact>
  <description value="此EncounterAdultCheck Profile說明成人健檢生活史代碼集值"/>
  <compose>
    <include>
      <system value="http://snomed.info/sct"/>
      <concept>
        <code value="230056004"/>
        <display value="Cigarette consumption"/>
      </concept>
      <concept>
        <code value="160573003"/>
        <display value="Alcohol intake"/>
      </concept>
      <concept>
        <code value="227491007"/>
        <display value="Betal nut"/>
      </concept>
      <concept>
        <code value="128976003"/>
        <display value="Exercise state"/>
      </concept>
      <concept>
        <code value="225324006"/>
        <display value="Advice on effects of smoking on health"/>
      </concept>
      <concept>
        <code value="413473000"/>
        <display value="Alcohol consumption counseling"/>
      </concept>
      <concept>
        <code value="51011006"/>
        <display value="Nutritional counseling for control of dental disease"/>
      </concept>
      <concept>
        <code value="410289001"/>
        <display value="Exercises education, guidance, and counseling"/>
      </concept>
      <concept>
        <code value="388970003"/>
        <display value="Weight maintenance consultation"/>
      </concept>
      <concept>
        <code value="410293007"/>
        <display value="Food education, guidance, and counseling"/>
      </concept>
      <concept>
        <code value="409059003"/>
        <display value="Safety education, guidance, and counseling"/>
      </concept>
      <concept>
        <code value="410263001"/>
        <display value="Medical/dental care education, guidance, and counseling"/>
      </concept>
      <concept>
        <code value="444266007"/>
        <display value="Measurement of Hepatitis B surface antibody and Hepatitis C antibody "/>
      </concept>
    </include>
  </compose>
</ValueSet>