{
  "resourceType" : "DiagnosticReport",
  "id" : "DiagnosticReportAdultCheckExample",
  "meta" : {
    "profile" : ["https://fhirisolationroom.azurehealthcareapis.com/StructureDefinition/DiagnosticReport-adultcheck"]
  },
  "text" : {
    "status" : "generated",
    "div" : "<div xmlns=\"http://www.w3.org/1999/xhtml\"><h2><span title=\"Codes: {https://twcore.mohw.gov.tw/ig/twcore/CodeSystem/medical-service-payment-tw 06003C}\">尿蛋白</span> (<span title=\"Codes: {http://terminology.hl7.org/CodeSystem/v2-0074 LAB}\">Laboratory</span>) </h2><table class=\"grid\"><tr><td>Subject</td><td>Unable to get Patient Details</td></tr><tr><td>When For</td><td>2022-08-01 17:00:14-0500</td></tr><tr><td>Reported</td><td>2022-08-02 17:00:14-0500</td></tr><tr><td>Identifiers:</td><td> 全國的個人識別碼: A123456789\u00a0(use:\u00a0OFFICIAL) Medical record number: 8862168\u00a0(use:\u00a0OFFICIAL) HOI: 0123456789\u00a0(use:\u00a0OFFICIAL) Temporary Medical Record Number: 000120230721\u00a0(use:\u00a0OFFICIAL)</td></tr></table><p><b>Report Details</b></p><p>建議進一步檢查</p></div>"
  },
  "identifier" : [{
    "use" : "official",
    "type" : {
      "coding" : [{
        "system" : "https://twcore.mohw.gov.tw/ig/twcore/CodeSystem/v2-0203",
        "code" : "NNTWN"
      }]
    },
    "system" : "http://www.moi.gov.tw/",
    "value" : "A123456789"
  },
  {
    "use" : "official",
    "type" : {
      "coding" : [{
        "system" : "http://terminology.hl7.org/CodeSystem/v2-0203",
        "code" : "MR"
      }]
    },
    "system" : "https://www.tph.mohw.gov.tw/",
    "value" : "8862168"
  },
  {
    "use" : "official",
    "type" : {
      "coding" : [{
        "system" : "http://terminology.hl7.org/CodeSystem/v2-0203",
        "code" : "HOI"
      }]
    },
    "system" : "https://twcore.mohw.gov.tw/tsfhir/CodeSystem/organization-identifier-tw",
    "value" : "0123456789"
  },
  {
    "use" : "official",
    "type" : {
      "coding" : [{
        "system" : "http://terminology.hl7.org/CodeSystem/v2-0203",
        "code" : "MRT"
      }]
    },
    "system" : "https://tsti.hospital.com",
    "value" : "000120230721"
  }],
  "status" : "final",
  "category" : [{
    "coding" : [{
      "system" : "http://terminology.hl7.org/CodeSystem/v2-0074",
      "code" : "LAB",
      "display" : "Laboratory"
    }]
  }],
  "code" : {
    "coding" : [{
      "system" : "https://twcore.mohw.gov.tw/ig/twcore/CodeSystem/medical-service-payment-tw",
      "code" : "06003C",
      "display" : "尿蛋白"
    }]
  },
  "subject" : {
    "reference" : "Patient/pat-example"
  },
  "effectiveDateTime" : "2022-08-01T17:00:14-05:00",
  "issued" : "2022-08-02T17:00:14-05:00",
  "performer" : [{
    "reference" : "Organization/organ-example"
  }],
  "resultsInterpreter" : [{
    "reference" : "Organization/organ-example"
  }],
  "conclusion" : "建議進一步檢查"
}