<?xml version="1.0" encoding="UTF-8"?>

<Observation xmlns="http://hl7.org/fhir">
  <id value="ObservationLabAdultCheckExample"/>
  <meta>
    <profile value="https://fhirisolationroom.azurehealthcareapis.com/StructureDefinition/ObservationLab-adultcheck"/>
  </meta>
  <text>
    <status value="generated"/><div xmlns="http://www.w3.org/1999/xhtml"><p><b>Generated Narrative: Observation</b><a name="ObservationLabAdultCheckExample"> </a></p><div style="display: inline-block; background-color: #d9e0e7; padding: 6px; margin: 4px; border: 1px solid #8da1b4; border-radius: 5px; line-height: 60%"><p style="margin-bottom: 0px">Resource Observation &quot;ObservationLabAdultCheckExample&quot; </p><p style="margin-bottom: 0px">Profile: <a href="StructureDefinition-ObservationLab-adultcheck.html">Observation Lab - AdultCheck</a></p></div><p><b>identifier</b>: 全國的個人識別碼: A123456789 (use: OFFICIAL), Medical record number: 8862168 (use: OFFICIAL), HOI: 0123456789 (use: OFFICIAL), Temporary Medical Record Number: 000120230721 (use: OFFICIAL)</p><p><b>status</b>: preliminary</p><p><b>code</b>: 血液及體液葡萄糖 <span style="background: LightGoldenRodYellow; margin: 4px; border: 1px solid khaki"> (<a href="https://twcore.mohw.gov.tw/ig/twcore/0.1.0/CodeSystem-medical-service-payment-tw.html">臺灣醫療服務給付項目</a>#09005C)</span></p><p><b>subject</b>: <a href="Patient-pat-example.html">Patient/pat-example</a></p><p><b>effective</b>: 2022-08-01 17:00:14-0500</p><p><b>performer</b>: <a href="Organization/organ-example">Organization/organ-example</a></p><p><b>value</b>: 15 mg/dl<span style="background: LightGoldenRodYellow"> (Details: UCUM code mg/dl = 'mg/dl')</span></p><h3>ReferenceRanges</h3><table class="grid"><tr><td style="display: none">-</td><td><b>Low</b></td><td><b>High</b></td></tr><tr><td style="display: none">*</td><td>80 mg/dl<span style="background: LightGoldenRodYellow"> (Details: UCUM code mg/dl = 'mg/dl')</span></td><td>120 mg/dl<span style="background: LightGoldenRodYellow"> (Details: UCUM code mg/dl = 'mg/dl')</span></td></tr></table></div>
  </text>
  <identifier>
    <use value="official"/>
    <type>
      <coding>
        <system value="https://twcore.mohw.gov.tw/ig/twcore/CodeSystem/v2-0203"/>
        <code value="NNTWN"/>
      </coding>
    </type>
    <system value="http://www.moi.gov.tw/"/>
    <value value="A123456789"/>
  </identifier>
  <identifier>
    <use value="official"/>
    <type>
      <coding>
        <system value="http://terminology.hl7.org/CodeSystem/v2-0203"/>
        <code value="MR"/>
      </coding>
    </type>
    <system value="https://www.tph.mohw.gov.tw/"/>
    <value value="8862168"/>
  </identifier>
  <identifier>
    <use value="official"/>
    <type>
      <coding>
        <system value="http://terminology.hl7.org/CodeSystem/v2-0203"/>
        <code value="HOI"/>
      </coding>
    </type>
    <system value="https://twcore.mohw.gov.tw/tsfhir/CodeSystem/organization-identifier-tw"/>
    <value value="0123456789"/>
  </identifier>
  <identifier>
    <use value="official"/>
    <type>
      <coding>
        <system value="http://terminology.hl7.org/CodeSystem/v2-0203"/>
        <code value="MRT"/>
      </coding>
    </type>
    <system value="https://tsti.hospital.com"/>
    <value value="000120230721"/>
  </identifier>
  <status value="preliminary"/>
  <code>
    <coding>
      <system value="https://twcore.mohw.gov.tw/ig/twcore/CodeSystem/medical-service-payment-tw"/>
      <code value="09005C"/>
      <display value="血液及體液葡萄糖"/>
    </coding>
  </code>
  <subject>
    <reference value="Patient/pat-example"/>
  </subject>
  <effectiveDateTime value="2022-08-01T17:00:14-05:00"/>
  <performer>
    <reference value="Organization/organ-example"/>
  </performer>
  <valueQuantity>
    <value value="15"/>
    <unit value="mg/dl"/>
    <system value="http://unitsofmeasure.org"/>
    <code value="mg/dl"/>
  </valueQuantity>
  <referenceRange>
    <low>
      <value value="80"/>
      <unit value="mg/dl"/>
      <system value="http://unitsofmeasure.org"/>
      <code value="mg/dl"/>
    </low>
    <high>
      <value value="120"/>
      <unit value="mg/dl"/>
      <system value="http://unitsofmeasure.org"/>
      <code value="mg/dl"/>
    </high>
  </referenceRange>
</Observation>