{
  "resourceType" : "Observation",
  "id" : "ObservationLifeAdultCheckExample",
  "meta" : {
    "profile" : ["https://fhirisolationroom.azurehealthcareapis.com/StructureDefinition/ObservationLife-adultcheck"]
  },
  "text" : {
    "status" : "generated",
    "div" : "<div xmlns=\"http://www.w3.org/1999/xhtml\"><p><b>Generated Narrative: Observation</b><a name=\"ObservationLifeAdultCheckExample\"> </a></p><div style=\"display: inline-block; background-color: #d9e0e7; padding: 6px; margin: 4px; border: 1px solid #8da1b4; border-radius: 5px; line-height: 60%\"><p style=\"margin-bottom: 0px\">Resource Observation &quot;ObservationLifeAdultCheckExample&quot; </p><p style=\"margin-bottom: 0px\">Profile: <a href=\"StructureDefinition-ObservationLife-adultcheck.html\">Observation Life - AdultCheck</a></p></div><p><b>identifier</b>: 全國的個人識別碼: A123456789\u00a0(use:\u00a0OFFICIAL), Medical record number: 8862168\u00a0(use:\u00a0OFFICIAL), HOI: 0123456789\u00a0(use:\u00a0OFFICIAL), Temporary Medical Record Number: 000120230721\u00a0(use:\u00a0OFFICIAL)</p><p><b>status</b>: preliminary</p><p><b>category</b>: Social History <span style=\"background: LightGoldenRodYellow; margin: 4px; border: 1px solid khaki\"> (<a href=\"http://terminology.hl7.org/5.0.0/CodeSystem-observation-category.html\">Observation Category Codes</a>#social-history)</span></p><p><b>code</b>: 吸煙 <span style=\"background: LightGoldenRodYellow; margin: 4px; border: 1px solid khaki\"> (<a href=\"https://browser.ihtsdotools.org/\">SNOMED CT</a>#230056004 &quot;Cigarette consumption&quot;)</span></p><p><b>subject</b>: <a href=\"Patient-pat-example.html\">Patient/pat-example</a></p><p><b>effective</b>: 2022-08-01 17:00:14-0500</p><p><b>performer</b>: <a href=\"Organization/organ-example\">Organization/organ-example</a></p><p><b>value</b>: 朋友敬菸或應酬才吸菸</p></div>"
  },
  "identifier" : [{
    "use" : "official",
    "type" : {
      "coding" : [{
        "system" : "https://twcore.mohw.gov.tw/ig/twcore/CodeSystem/v2-0203",
        "code" : "NNTWN"
      }]
    },
    "system" : "http://www.moi.gov.tw/",
    "value" : "A123456789"
  },
  {
    "use" : "official",
    "type" : {
      "coding" : [{
        "system" : "http://terminology.hl7.org/CodeSystem/v2-0203",
        "code" : "MR"
      }]
    },
    "system" : "https://www.tph.mohw.gov.tw/",
    "value" : "8862168"
  },
  {
    "use" : "official",
    "type" : {
      "coding" : [{
        "system" : "http://terminology.hl7.org/CodeSystem/v2-0203",
        "code" : "HOI"
      }]
    },
    "system" : "https://twcore.mohw.gov.tw/tsfhir/CodeSystem/organization-identifier-tw",
    "value" : "0123456789"
  },
  {
    "use" : "official",
    "type" : {
      "coding" : [{
        "system" : "http://terminology.hl7.org/CodeSystem/v2-0203",
        "code" : "MRT"
      }]
    },
    "system" : "https://tsti.hospital.com",
    "value" : "000120230721"
  }],
  "status" : "preliminary",
  "category" : [{
    "coding" : [{
      "system" : "http://terminology.hl7.org/CodeSystem/observation-category",
      "code" : "social-history",
      "display" : "Social History"
    }]
  }],
  "code" : {
    "coding" : [{
      "system" : "http://snomed.info/sct",
      "code" : "230056004",
      "display" : "Cigarette consumption"
    }],
    "text" : "吸煙"
  },
  "subject" : {
    "reference" : "Patient/pat-example"
  },
  "effectiveDateTime" : "2022-08-01T17:00:14-05:00",
  "performer" : [{
    "reference" : "Organization/organ-example"
  }],
  "valueString" : "朋友敬菸或應酬才吸菸"
}