{
  "resourceType" : "ValueSet",
  "id" : "adultcheck-lifecode",
  "text" : {
    "status" : "generated",
    "div" : "<div xmlns=\"http://www.w3.org/1999/xhtml\"><ul><li>Include these codes as defined in <a href=\"http://www.snomed.org/\"><code>http://snomed.info/sct</code></a><table class=\"none\"><tr><td style=\"white-space:nowrap\"><b>Code</b></td><td><b>Display</b></td></tr><tr><td><a href=\"http://snomed.info/id/230056004\">230056004</a></td><td>Cigarette consumption</td></tr><tr><td><a href=\"http://snomed.info/id/160573003\">160573003</a></td><td>Alcohol intake</td></tr><tr><td><a href=\"http://snomed.info/id/227491007\">227491007</a></td><td>Betal nut</td></tr><tr><td><a href=\"http://snomed.info/id/128976003\">128976003</a></td><td>Exercise state</td></tr><tr><td><a href=\"http://snomed.info/id/225324006\">225324006</a></td><td>Advice on effects of smoking on health</td></tr><tr><td><a href=\"http://snomed.info/id/413473000\">413473000</a></td><td>Alcohol consumption counseling</td></tr><tr><td><a href=\"http://snomed.info/id/51011006\">51011006</a></td><td>Nutritional counseling for control of dental disease</td></tr><tr><td><a href=\"http://snomed.info/id/410289001\">410289001</a></td><td>Exercises education, guidance, and counseling</td></tr><tr><td><a href=\"http://snomed.info/id/388970003\">388970003</a></td><td>Weight maintenance consultation</td></tr><tr><td><a href=\"http://snomed.info/id/410293007\">410293007</a></td><td>Food education, guidance, and counseling</td></tr><tr><td><a href=\"http://snomed.info/id/409059003\">409059003</a></td><td>Safety education, guidance, and counseling</td></tr><tr><td><a href=\"http://snomed.info/id/410263001\">410263001</a></td><td>Medical/dental care education, guidance, and counseling</td></tr><tr><td><a href=\"http://snomed.info/id/444266007\">444266007</a></td><td>Measurement of Hepatitis B surface antibody and Hepatitis C antibody </td></tr></table></li></ul></div>"
  },
  "url" : "https://fhirisolationroom.azurehealthcareapis.com/ValueSet/adultcheck-lifecode",
  "version" : "0.1.0",
  "name" : "ValueSet_adultcheck-lifecode",
  "title" : "成人健檢生活史代碼集值",
  "status" : "active",
  "date" : "2023-08-10T13:03:13+08:00",
  "publisher" : "Polly Peng",
  "contact" : [{
    "name" : "Polly Peng",
    "telecom" : [{
      "system" : "email",
      "value" : "polly.peng@etatung.com"
    }]
  }],
  "description" : "此EncounterAdultCheck Profile說明成人健檢生活史代碼集值",
  "compose" : {
    "include" : [{
      "system" : "http://snomed.info/sct",
      "concept" : [{
        "code" : "230056004",
        "display" : "Cigarette consumption"
      },
      {
        "code" : "160573003",
        "display" : "Alcohol intake"
      },
      {
        "code" : "227491007",
        "display" : "Betal nut"
      },
      {
        "code" : "128976003",
        "display" : "Exercise state"
      },
      {
        "code" : "225324006",
        "display" : "Advice on effects of smoking on health"
      },
      {
        "code" : "413473000",
        "display" : "Alcohol consumption counseling"
      },
      {
        "code" : "51011006",
        "display" : "Nutritional counseling for control of dental disease"
      },
      {
        "code" : "410289001",
        "display" : "Exercises education, guidance, and counseling"
      },
      {
        "code" : "388970003",
        "display" : "Weight maintenance consultation"
      },
      {
        "code" : "410293007",
        "display" : "Food education, guidance, and counseling"
      },
      {
        "code" : "409059003",
        "display" : "Safety education, guidance, and counseling"
      },
      {
        "code" : "410263001",
        "display" : "Medical/dental care education, guidance, and counseling"
      },
      {
        "code" : "444266007",
        "display" : "Measurement of Hepatitis B surface antibody and Hepatitis C antibody "
      }]
    }]
  }
}