{
  "resourceType" : "Observation",
  "id" : "ObservationPressureAdultCheckExample",
  "meta" : {
    "profile" : ["https://fhirisolationroom.azurehealthcareapis.com/StructureDefinition/ObservationPressure-adultcheck"]
  },
  "text" : {
    "status" : "generated",
    "div" : "<div xmlns=\"http://www.w3.org/1999/xhtml\"><p><b>Generated Narrative: Observation</b><a name=\"ObservationPressureAdultCheckExample\"> </a></p><div style=\"display: inline-block; background-color: #d9e0e7; padding: 6px; margin: 4px; border: 1px solid #8da1b4; border-radius: 5px; line-height: 60%\"><p style=\"margin-bottom: 0px\">Resource Observation &quot;ObservationPressureAdultCheckExample&quot; </p><p style=\"margin-bottom: 0px\">Profile: <a href=\"StructureDefinition-ObservationPressure-adultcheck.html\">Observation Pressure - AdultCheck</a></p></div><p><b>identifier</b>: 全國的個人識別碼: A123456789\u00a0(use:\u00a0OFFICIAL), Medical record number: 8862168\u00a0(use:\u00a0OFFICIAL), HOI: 0123456789\u00a0(use:\u00a0OFFICIAL), Temporary Medical Record Number: 000120230721\u00a0(use:\u00a0OFFICIAL)</p><p><b>status</b>: preliminary</p><p><b>category</b>: Vital Signs <span style=\"background: LightGoldenRodYellow; margin: 4px; border: 1px solid khaki\"> (<a href=\"http://terminology.hl7.org/5.0.0/CodeSystem-observation-category.html\">Observation Category Codes</a>#vital-signs)</span></p><p><b>code</b>: Blood pressure panel with all children optional <span style=\"background: LightGoldenRodYellow; margin: 4px; border: 1px solid khaki\"> (<a href=\"https://loinc.org/\">LOINC</a>#85354-9)</span></p><p><b>subject</b>: <a href=\"Patient-pat-example.html\">Patient/pat-example</a></p><p><b>effective</b>: 2022-08-01 17:00:14-0500</p><p><b>performer</b>: <a href=\"Organization/organ-example\">Organization/organ-example</a></p><blockquote><p><b>component</b></p><p><b>code</b>: Systolic blood pressure <span style=\"background: LightGoldenRodYellow; margin: 4px; border: 1px solid khaki\"> (<a href=\"https://loinc.org/\">LOINC</a>#8480-6)</span></p><p><b>value</b>: 110 mmHg<span style=\"background: LightGoldenRodYellow\"> (Details: UCUM code mm[Hg] = 'mm[Hg]')</span></p></blockquote><blockquote><p><b>component</b></p><p><b>code</b>: Diastolic blood pressure <span style=\"background: LightGoldenRodYellow; margin: 4px; border: 1px solid khaki\"> (<a href=\"https://loinc.org/\">LOINC</a>#8462-4)</span></p><p><b>value</b>: 56 mmHg<span style=\"background: LightGoldenRodYellow\"> (Details: UCUM code mm[Hg] = 'mm[Hg]')</span></p></blockquote><blockquote><p><b>component</b></p><p><b>code</b>: Systolic blood pressure <span style=\"background: LightGoldenRodYellow; margin: 4px; border: 1px solid khaki\"> (<a href=\"https://loinc.org/\">LOINC</a>#8480-6)</span></p></blockquote><blockquote><p><b>component</b></p><p><b>code</b>: Diastolic blood pressure <span style=\"background: LightGoldenRodYellow; margin: 4px; border: 1px solid khaki\"> (<a href=\"https://loinc.org/\">LOINC</a>#8462-4)</span></p></blockquote></div>"
  },
  "identifier" : [{
    "use" : "official",
    "type" : {
      "coding" : [{
        "system" : "https://twcore.mohw.gov.tw/ig/twcore/CodeSystem/v2-0203",
        "code" : "NNTWN"
      }]
    },
    "system" : "http://www.moi.gov.tw/",
    "value" : "A123456789"
  },
  {
    "use" : "official",
    "type" : {
      "coding" : [{
        "system" : "http://terminology.hl7.org/CodeSystem/v2-0203",
        "code" : "MR"
      }]
    },
    "system" : "https://www.tph.mohw.gov.tw/",
    "value" : "8862168"
  },
  {
    "use" : "official",
    "type" : {
      "coding" : [{
        "system" : "http://terminology.hl7.org/CodeSystem/v2-0203",
        "code" : "HOI"
      }]
    },
    "system" : "https://twcore.mohw.gov.tw/tsfhir/CodeSystem/organization-identifier-tw",
    "value" : "0123456789"
  },
  {
    "use" : "official",
    "type" : {
      "coding" : [{
        "system" : "http://terminology.hl7.org/CodeSystem/v2-0203",
        "code" : "MRT"
      }]
    },
    "system" : "https://tsti.hospital.com",
    "value" : "000120230721"
  }],
  "status" : "preliminary",
  "category" : [{
    "coding" : [{
      "system" : "http://terminology.hl7.org/CodeSystem/observation-category",
      "code" : "vital-signs"
    }]
  }],
  "code" : {
    "coding" : [{
      "system" : "http://loinc.org",
      "code" : "85354-9"
    }]
  },
  "subject" : {
    "reference" : "Patient/pat-example"
  },
  "effectiveDateTime" : "2022-08-01T17:00:14-05:00",
  "performer" : [{
    "reference" : "Organization/organ-example"
  }],
  "component" : [{
    "code" : {
      "coding" : [{
        "system" : "http://loinc.org",
        "code" : "8480-6",
        "display" : "Systolic blood pressure"
      }]
    },
    "valueQuantity" : {
      "value" : 110,
      "unit" : "mmHg",
      "system" : "http://unitsofmeasure.org",
      "code" : "mm[Hg]"
    }
  },
  {
    "code" : {
      "coding" : [{
        "system" : "http://loinc.org",
        "code" : "8462-4",
        "display" : "Diastolic blood pressure"
      }]
    },
    "valueQuantity" : {
      "value" : 56,
      "unit" : "mmHg",
      "system" : "http://unitsofmeasure.org",
      "code" : "mm[Hg]"
    }
  },
  {
    "code" : {
      "coding" : [{
        "system" : "http://loinc.org",
        "code" : "8480-6"
      }]
    }
  },
  {
    "code" : {
      "coding" : [{
        "system" : "http://loinc.org",
        "code" : "8462-4"
      }]
    }
  }]
}