{
  "resourceType" : "Observation",
  "id" : "ObservationLabAdultCheckExample",
  "meta" : {
    "profile" : ["https://fhirisolationroom.azurehealthcareapis.com/StructureDefinition/ObservationLab-adultcheck"]
  },
  "text" : {
    "status" : "generated",
    "div" : "<div xmlns=\"http://www.w3.org/1999/xhtml\"><p><b>Generated Narrative: Observation</b><a name=\"ObservationLabAdultCheckExample\"> </a></p><div style=\"display: inline-block; background-color: #d9e0e7; padding: 6px; margin: 4px; border: 1px solid #8da1b4; border-radius: 5px; line-height: 60%\"><p style=\"margin-bottom: 0px\">Resource Observation &quot;ObservationLabAdultCheckExample&quot; </p><p style=\"margin-bottom: 0px\">Profile: <a href=\"StructureDefinition-ObservationLab-adultcheck.html\">Observation Lab - AdultCheck</a></p></div><p><b>identifier</b>: 全國的個人識別碼: A123456789\u00a0(use:\u00a0OFFICIAL), Medical record number: 8862168\u00a0(use:\u00a0OFFICIAL), HOI: 0123456789\u00a0(use:\u00a0OFFICIAL), Temporary Medical Record Number: 000120230721\u00a0(use:\u00a0OFFICIAL)</p><p><b>status</b>: preliminary</p><p><b>code</b>: 血液及體液葡萄糖 <span style=\"background: LightGoldenRodYellow; margin: 4px; border: 1px solid khaki\"> (<a href=\"https://twcore.mohw.gov.tw/ig/twcore/0.1.0/CodeSystem-medical-service-payment-tw.html\">臺灣醫療服務給付項目</a>#09005C)</span></p><p><b>subject</b>: <a href=\"Patient-pat-example.html\">Patient/pat-example</a></p><p><b>effective</b>: 2022-08-01 17:00:14-0500</p><p><b>performer</b>: <a href=\"Organization/organ-example\">Organization/organ-example</a></p><p><b>value</b>: 15 mg/dl<span style=\"background: LightGoldenRodYellow\"> (Details: UCUM code mg/dl = 'mg/dl')</span></p><h3>ReferenceRanges</h3><table class=\"grid\"><tr><td style=\"display: none\">-</td><td><b>Low</b></td><td><b>High</b></td></tr><tr><td style=\"display: none\">*</td><td>80 mg/dl<span style=\"background: LightGoldenRodYellow\"> (Details: UCUM code mg/dl = 'mg/dl')</span></td><td>120 mg/dl<span style=\"background: LightGoldenRodYellow\"> (Details: UCUM code mg/dl = 'mg/dl')</span></td></tr></table></div>"
  },
  "identifier" : [{
    "use" : "official",
    "type" : {
      "coding" : [{
        "system" : "https://twcore.mohw.gov.tw/ig/twcore/CodeSystem/v2-0203",
        "code" : "NNTWN"
      }]
    },
    "system" : "http://www.moi.gov.tw/",
    "value" : "A123456789"
  },
  {
    "use" : "official",
    "type" : {
      "coding" : [{
        "system" : "http://terminology.hl7.org/CodeSystem/v2-0203",
        "code" : "MR"
      }]
    },
    "system" : "https://www.tph.mohw.gov.tw/",
    "value" : "8862168"
  },
  {
    "use" : "official",
    "type" : {
      "coding" : [{
        "system" : "http://terminology.hl7.org/CodeSystem/v2-0203",
        "code" : "HOI"
      }]
    },
    "system" : "https://twcore.mohw.gov.tw/tsfhir/CodeSystem/organization-identifier-tw",
    "value" : "0123456789"
  },
  {
    "use" : "official",
    "type" : {
      "coding" : [{
        "system" : "http://terminology.hl7.org/CodeSystem/v2-0203",
        "code" : "MRT"
      }]
    },
    "system" : "https://tsti.hospital.com",
    "value" : "000120230721"
  }],
  "status" : "preliminary",
  "code" : {
    "coding" : [{
      "system" : "https://twcore.mohw.gov.tw/ig/twcore/CodeSystem/medical-service-payment-tw",
      "code" : "09005C",
      "display" : "血液及體液葡萄糖"
    }]
  },
  "subject" : {
    "reference" : "Patient/pat-example"
  },
  "effectiveDateTime" : "2022-08-01T17:00:14-05:00",
  "performer" : [{
    "reference" : "Organization/organ-example"
  }],
  "valueQuantity" : {
    "value" : 15,
    "unit" : "mg/dl",
    "system" : "http://unitsofmeasure.org",
    "code" : "mg/dl"
  },
  "referenceRange" : [{
    "low" : {
      "value" : 80,
      "unit" : "mg/dl",
      "system" : "http://unitsofmeasure.org",
      "code" : "mg/dl"
    },
    "high" : {
      "value" : 120,
      "unit" : "mg/dl",
      "system" : "http://unitsofmeasure.org",
      "code" : "mg/dl"
    }
  }]
}